/*
 Navicat MySQL Data Transfer

 Source Server         : thinkphp_demo
 Source Server Type    : MySQL
 Source Server Version : 50722 (5.7.22)
 Source Host           : localhost:3306
 Source Schema         : ceshi

 Target Server Type    : MySQL
 Target Server Version : 50722 (5.7.22)
 File Encoding         : 65001

 Date: 08/08/2025 00:44:07
*/

SET NAMES utf8mb4;
SET FOREIGN_KEY_CHECKS = 0;

-- ----------------------------
-- Table structure for ad_admin
-- ----------------------------
DROP TABLE IF EXISTS `ad_admin`;
CREATE TABLE `ad_admin`  (
  `id` int(11) NOT NULL AUTO_INCREMENT,
  `username` varchar(50) CHARACTER SET utf8 COLLATE utf8_general_ci NOT NULL COMMENT '用户名',
  `password` varchar(100) CHARACTER SET utf8 COLLATE utf8_general_ci NOT NULL COMMENT '密码哈希',
  `created_at` timestamp NULL DEFAULT CURRENT_TIMESTAMP COMMENT '创建时间',
  `updated_at` timestamp NULL DEFAULT CURRENT_TIMESTAMP ON UPDATE CURRENT_TIMESTAMP COMMENT '更新时间',
  PRIMARY KEY (`id`) USING BTREE,
  UNIQUE INDEX `username`(`username`) USING BTREE
) ENGINE = InnoDB AUTO_INCREMENT = 2 CHARACTER SET = utf8 COLLATE = utf8_general_ci ROW_FORMAT = DYNAMIC;

-- ----------------------------
-- Records of ad_admin
-- ----------------------------
INSERT INTO `ad_admin` VALUES (1, 'admin', '$2b$10$K7.4Gl6jHarcam6M5hGmSefgqtPOQsxzhux/8o6hK3H38f1PrFjs2', '2025-07-07 11:14:53', '2025-07-07 11:14:53');

-- ----------------------------
-- Table structure for ad_company_info
-- ----------------------------
DROP TABLE IF EXISTS `ad_company_info`;
CREATE TABLE `ad_company_info`  (
  `id` int(11) NOT NULL AUTO_INCREMENT COMMENT '自增主键ID',
  `logo` varchar(255) CHARACTER SET utf8 COLLATE utf8_general_ci NULL DEFAULT NULL COMMENT '企业logo',
  `name` varchar(100) CHARACTER SET utf8 COLLATE utf8_general_ci NOT NULL COMMENT '公司名称',
  `person` varchar(50) CHARACTER SET utf8 COLLATE utf8_general_ci NULL DEFAULT NULL COMMENT '联系人',
  `contact` varchar(50) CHARACTER SET utf8 COLLATE utf8_general_ci NULL DEFAULT NULL COMMENT '联系方式',
  `address` varchar(200) CHARACTER SET utf8 COLLATE utf8_general_ci NULL DEFAULT NULL COMMENT '公司地址',
  `created_at` timestamp NULL DEFAULT CURRENT_TIMESTAMP COMMENT '创建时间',
  `updated_at` timestamp NULL DEFAULT CURRENT_TIMESTAMP ON UPDATE CURRENT_TIMESTAMP COMMENT '更新时间',
  PRIMARY KEY (`id`) USING BTREE
) ENGINE = InnoDB AUTO_INCREMENT = 3 CHARACTER SET = utf8 COLLATE = utf8_general_ci COMMENT = '客户企业信息表' ROW_FORMAT = DYNAMIC;

-- ----------------------------
-- Records of ad_company_info
-- ----------------------------
INSERT INTO `ad_company_info` VALUES (1, NULL, '东莞企业', '梁工', '13800138000', '东莞市寮步镇', '2025-07-07 11:54:18', '2025-07-07 11:55:10');
INSERT INTO `ad_company_info` VALUES (2, NULL, '东坑企业', '刘工1', '13800138000', '东坑镇', '2025-07-07 13:59:43', '2025-07-12 15:29:04');

-- ----------------------------
-- Table structure for ad_organize
-- ----------------------------
DROP TABLE IF EXISTS `ad_organize`;
CREATE TABLE `ad_organize`  (
  `id` int(11) NOT NULL AUTO_INCREMENT COMMENT '自增主键ID',
  `company_id` int(11) NOT NULL COMMENT '企业id',
  `user_id` int(11) NOT NULL COMMENT '发布的用户id',
  `pid` int(11) NULL DEFAULT NULL COMMENT '上级ID，用于构建组织层级关系',
  `label` varchar(50) CHARACTER SET utf8 COLLATE utf8_general_ci NOT NULL COMMENT '节点名称，如部门名称',
  `menber_id` int(11) NULL DEFAULT NULL COMMENT '关联的用户ID，关联员工信息表',
  `is_deleted` tinyint(1) NULL DEFAULT 1 COMMENT '是否删除：1-未删除，0-已删除',
  `created_at` timestamp NULL DEFAULT CURRENT_TIMESTAMP COMMENT '创建时间',
  `updated_at` timestamp NULL DEFAULT CURRENT_TIMESTAMP ON UPDATE CURRENT_TIMESTAMP COMMENT '更新时间',
  PRIMARY KEY (`id`) USING BTREE
) ENGINE = InnoDB AUTO_INCREMENT = 5 CHARACTER SET = utf8 COLLATE = utf8_general_ci COMMENT = '组织架构信息表' ROW_FORMAT = DYNAMIC;

-- ----------------------------
-- Records of ad_organize
-- ----------------------------
INSERT INTO `ad_organize` VALUES (1, 1, 1, 0, '企业名称11', 4, 1, '2025-08-01 14:55:42', '2025-08-01 17:12:20');
INSERT INTO `ad_organize` VALUES (2, 1, 1, 1, '业务部', 1, 0, '2025-08-01 14:56:50', '2025-08-01 17:11:17');
INSERT INTO `ad_organize` VALUES (3, 1, 1, 0, '前端工程师', 4, 1, '2025-08-01 15:56:01', '2025-08-01 15:56:01');
INSERT INTO `ad_organize` VALUES (4, 1, 1, 1, '221', 5, 0, '2025-08-01 17:11:46', '2025-08-01 17:11:50');

-- ----------------------------
-- Table structure for ad_user
-- ----------------------------
DROP TABLE IF EXISTS `ad_user`;
CREATE TABLE `ad_user`  (
  `id` int(11) NOT NULL AUTO_INCREMENT,
  `company_id` int(11) NOT NULL COMMENT '所属企业id',
  `username` varchar(50) CHARACTER SET utf8 COLLATE utf8_general_ci NOT NULL COMMENT '用户名',
  `password` varchar(100) CHARACTER SET utf8 COLLATE utf8_general_ci NOT NULL COMMENT '密码',
  `name` varchar(255) CHARACTER SET utf8 COLLATE utf8_general_ci NULL DEFAULT NULL COMMENT '姓名',
  `power` longtext CHARACTER SET utf8 COLLATE utf8_general_ci NULL COMMENT '权限字符串',
  `type` tinyint(1) NULL DEFAULT NULL COMMENT '账号类型：1-子管理员账号，2-普通子账号',
  `parent_id` int(11) NOT NULL COMMENT '上级的id',
  `status` tinyint(3) UNSIGNED NULL DEFAULT 1 COMMENT '账户状态：1-正常，0-禁用',
  `is_deleted` tinyint(3) NULL DEFAULT 1 COMMENT '是否删除：1-未删除，0-已删除',
  `created_at` timestamp NULL DEFAULT CURRENT_TIMESTAMP COMMENT '创建时间',
  `updated_at` timestamp NULL DEFAULT CURRENT_TIMESTAMP ON UPDATE CURRENT_TIMESTAMP COMMENT '更新时间',
  PRIMARY KEY (`id`) USING BTREE,
  UNIQUE INDEX `username`(`username`) USING BTREE
) ENGINE = InnoDB AUTO_INCREMENT = 6 CHARACTER SET = utf8 COLLATE = utf8_general_ci ROW_FORMAT = DYNAMIC;

-- ----------------------------
-- Records of ad_user
-- ----------------------------
INSERT INTO `ad_user` VALUES (1, 1, 'admin1', '$2b$10$qJOWecY5nOd6ICarLgePce3XPyVtXXrp1dkbB9ZQvtydVrKLz8uGG', '我是名字', NULL, 1, 0, 1, 1, '2025-07-07 13:56:55', '2025-07-21 17:26:05');
INSERT INTO `ad_user` VALUES (2, 2, 'admin99', '$2b$10$Ukc2Byd6TFsl0u2p68J0leC7tVgwp4LDWr7s6YV0EWpc6xR3dZyMm', NULL, NULL, 1, 0, 1, 1, '2025-07-07 14:00:05', '2025-07-08 14:21:48');
INSERT INTO `ad_user` VALUES (3, 1, '2121', '$2b$10$EpPaXdgc4ugWWT1Qi.DFSeRoz9XyBa3N7mKkNGuXEBvmy.pe8HEWq', NULL, NULL, 1, 0, 1, 1, '2025-07-08 10:35:09', '2025-07-08 14:21:49');
INSERT INTO `ad_user` VALUES (4, 1, '121', '$2b$10$4ZYMcp6ZeDQauRLCZCb1mOBIUy9ML4gbRTZDizJU3VaOt83D8ZJnu', '2132', '[[\"基础资料\",\"ProductCode\"],[\"基础资料\",\"PartCode\"],[\"基础资料\",\"MaterialCode\"],[\"基础资料\",\"ProcessCode\"],[\"基础资料\",\"EquipmentCode\"],[\"基础资料\",\"EmployeeInfo\"],[\"订单管理\",\"CustomerInfo\"],[\"订单管理\",\"ProductQuote\"],[\"订单管理\",\"SalesOrder\"],[\"订单管理\",\"ProductDelivery\"]]', 2, 1, 1, 1, '2025-07-08 14:10:45', '2025-07-08 14:40:30');
INSERT INTO `ad_user` VALUES (5, 1, 'admin2', '$2b$10$qJOWecY5nOd6ICarLgePce3XPyVtXXrp1dkbB9ZQvtydVrKLz8uGG', '哈哈', '[[\"基础资料\",\"ProductCode\"],[\"基础资料\",\"PartCode\"],[\"基础资料\",\"MaterialCode\"],[\"基础资料\",\"ProcessCode\"],[\"基础资料\",\"EquipmentCode\"],[\"基础资料\",\"EmployeeInfo\"]]', 2, 1, 1, 1, '2025-07-08 14:20:13', '2025-08-01 10:55:13');

-- ----------------------------
-- Table structure for sub_customer_info
-- ----------------------------
DROP TABLE IF EXISTS `sub_customer_info`;
CREATE TABLE `sub_customer_info`  (
  `id` int(11) NOT NULL AUTO_INCREMENT COMMENT '自增主键ID',
  `user_id` int(5) NULL DEFAULT NULL COMMENT '发布用户id',
  `company_id` int(11) NOT NULL COMMENT '所属企业id',
  `customer_code` varchar(50) CHARACTER SET utf8 COLLATE utf8_general_ci NOT NULL COMMENT '客户编码',
  `customer_abbreviation` varchar(50) CHARACTER SET utf8 COLLATE utf8_general_ci NOT NULL COMMENT '客户简称',
  `contact_person` varchar(50) CHARACTER SET utf8 COLLATE utf8_general_ci NULL DEFAULT NULL COMMENT '联系人',
  `contact_information` varchar(50) CHARACTER SET utf8 COLLATE utf8_general_ci NULL DEFAULT NULL COMMENT '联系方式',
  `company_full_name` varchar(100) CHARACTER SET utf8 COLLATE utf8_general_ci NULL DEFAULT NULL COMMENT '公司全名',
  `company_address` varchar(200) CHARACTER SET utf8 COLLATE utf8_general_ci NULL DEFAULT NULL COMMENT '公司地址',
  `delivery_address` varchar(200) CHARACTER SET utf8 COLLATE utf8_general_ci NULL DEFAULT NULL COMMENT '交货地址',
  `tax_registration_number` varchar(50) CHARACTER SET utf8 COLLATE utf8_general_ci NULL DEFAULT NULL COMMENT '税务登记号',
  `transaction_method` varchar(50) CHARACTER SET utf8 COLLATE utf8_general_ci NULL DEFAULT NULL COMMENT '交易方式',
  `transaction_currency` varchar(10) CHARACTER SET utf8 COLLATE utf8_general_ci NULL DEFAULT NULL COMMENT '交易币别',
  `other_transaction_terms` text CHARACTER SET utf8 COLLATE utf8_general_ci NULL COMMENT '其它交易条件',
  `is_deleted` int(3) NOT NULL DEFAULT 1 COMMENT '是否删除：1-未删除，0-已删除',
  `created_at` timestamp NULL DEFAULT CURRENT_TIMESTAMP COMMENT '创建时间',
  `updated_at` timestamp NULL DEFAULT CURRENT_TIMESTAMP ON UPDATE CURRENT_TIMESTAMP COMMENT '更新时间',
  PRIMARY KEY (`id`) USING BTREE
) ENGINE = InnoDB AUTO_INCREMENT = 4 CHARACTER SET = utf8 COLLATE = utf8_general_ci COMMENT = '客户信息基础信息表' ROW_FORMAT = DYNAMIC;

-- ----------------------------
-- Records of sub_customer_info
-- ----------------------------
INSERT INTO `sub_customer_info` VALUES (1, 1, 1, '123223', '我是客户哦', '1', '1', '1', '1', '1', '1', '1', '1', '1', 1, '2025-07-08 19:29:21', '2025-07-09 15:38:10');
INSERT INTO `sub_customer_info` VALUES (2, 1, 1, '1234', '2121', '212', '121', '21', '121', '2121', '21', '21', '2121', '2121', 1, '2025-07-09 00:58:19', '2025-07-09 00:58:19');
INSERT INTO `sub_customer_info` VALUES (3, 1, 1, '12311', '211', '12', '1', '15', '155', '15', '15', '1', '55', '11', 1, '2025-07-09 15:04:51', '2025-07-09 15:04:51');

-- ----------------------------
-- Table structure for sub_employee_info
-- ----------------------------
DROP TABLE IF EXISTS `sub_employee_info`;
CREATE TABLE `sub_employee_info`  (
  `id` int(11) NOT NULL AUTO_INCREMENT COMMENT '自增主键ID',
  `user_id` int(5) NOT NULL COMMENT '发布的用户id',
  `company_id` int(5) NOT NULL COMMENT '企业id',
  `employee_id` varchar(20) CHARACTER SET utf8 COLLATE utf8_general_ci NOT NULL COMMENT '员工工号',
  `name` varchar(50) CHARACTER SET utf8 COLLATE utf8_general_ci NOT NULL COMMENT '姓名',
  `department` varchar(50) CHARACTER SET utf8 COLLATE utf8_general_ci NULL DEFAULT NULL COMMENT '所属部门',
  `production_position` varchar(50) CHARACTER SET utf8 COLLATE utf8_general_ci NULL DEFAULT NULL COMMENT '生产岗位',
  `salary_attribute` varchar(50) CHARACTER SET utf8 COLLATE utf8_general_ci NULL DEFAULT NULL COMMENT '工资属性',
  `remarks` text CHARACTER SET utf8 COLLATE utf8_general_ci NULL COMMENT '备注',
  `is_deleted` tinyint(3) NULL DEFAULT 1 COMMENT '是否删除：1-未删除，0-已删除',
  `created_at` timestamp NULL DEFAULT CURRENT_TIMESTAMP COMMENT '创建时间',
  `updated_at` timestamp NULL DEFAULT CURRENT_TIMESTAMP ON UPDATE CURRENT_TIMESTAMP COMMENT '更新时间',
  PRIMARY KEY (`id`) USING BTREE
) ENGINE = InnoDB AUTO_INCREMENT = 3 CHARACTER SET = utf8 COLLATE = utf8_general_ci COMMENT = '员工信息基础信息表' ROW_FORMAT = DYNAMIC;

-- ----------------------------
-- Records of sub_employee_info
-- ----------------------------
INSERT INTO `sub_employee_info` VALUES (1, 1, 1, '1', '1', '1', '1', '1', '1', 1, '2025-07-08 16:39:58', '2025-07-16 19:18:16');
INSERT INTO `sub_employee_info` VALUES (2, 1, 1, '2', '2', '3', '23', '32', '3', 1, '2025-07-08 16:40:09', '2025-07-08 16:42:06');

-- ----------------------------
-- Table structure for sub_equipment_code
-- ----------------------------
DROP TABLE IF EXISTS `sub_equipment_code`;
CREATE TABLE `sub_equipment_code`  (
  `id` int(11) NOT NULL AUTO_INCREMENT COMMENT '自增主键ID',
  `user_id` int(5) NULL DEFAULT NULL COMMENT '用户id',
  `company_id` int(5) NULL DEFAULT NULL COMMENT '企业id',
  `equipment_code` varchar(50) CHARACTER SET utf8 COLLATE utf8_general_ci NOT NULL COMMENT '设备编码',
  `equipment_name` varchar(100) CHARACTER SET utf8 COLLATE utf8_general_ci NOT NULL COMMENT '设备名称',
  `equipment_quantity` int(11) NULL DEFAULT 2 COMMENT '设备数量',
  `department` varchar(50) CHARACTER SET utf8 COLLATE utf8_general_ci NULL DEFAULT NULL COMMENT '所属部门',
  `working_hours` varchar(10) CHARACTER SET utf8 COLLATE utf8_general_ci NULL DEFAULT NULL COMMENT '工作时长(小时)',
  `equipment_efficiency` varchar(10) CHARACTER SET utf8 COLLATE utf8_general_ci NULL DEFAULT NULL COMMENT '设备效能',
  `equipment_status` varchar(20) CHARACTER SET utf8 COLLATE utf8_general_ci NULL DEFAULT NULL COMMENT '设备状态',
  `remarks` text CHARACTER SET utf8 COLLATE utf8_general_ci NULL COMMENT '备注',
  `is_deleted` int(1) UNSIGNED ZEROFILL NULL DEFAULT 1 COMMENT '1：未删除；0：已删除',
  `created_at` timestamp NULL DEFAULT CURRENT_TIMESTAMP COMMENT '记录创建时间',
  `updated_at` timestamp NULL DEFAULT CURRENT_TIMESTAMP ON UPDATE CURRENT_TIMESTAMP COMMENT '记录最后更新时间',
  PRIMARY KEY (`id`) USING BTREE
) ENGINE = InnoDB AUTO_INCREMENT = 4 CHARACTER SET = utf8 COLLATE = utf8_general_ci COMMENT = '设备信息基础信息表' ROW_FORMAT = DYNAMIC;

-- ----------------------------
-- Records of sub_equipment_code
-- ----------------------------
INSERT INTO `sub_equipment_code` VALUES (3, 1, 1, '123', '2121', 12, '121', '121', '211', '21', '212', 1, '2025-07-08 16:06:29', '2025-07-16 19:09:21');

-- ----------------------------
-- Table structure for sub_material_bom
-- ----------------------------
DROP TABLE IF EXISTS `sub_material_bom`;
CREATE TABLE `sub_material_bom`  (
  `id` int(11) NOT NULL AUTO_INCREMENT COMMENT '自增主键ID',
  `company_id` int(11) NOT NULL COMMENT '企业id',
  `user_id` int(11) NOT NULL COMMENT '发布的用户id',
  `product_id` int(11) NOT NULL COMMENT '产品编码id',
  `part_id` int(11) NOT NULL COMMENT '部件编码id',
  `textJson` text CHARACTER SET utf8 COLLATE utf8_general_ci NULL COMMENT 'BOM表的json字符串',
  `archive` int(11) NULL DEFAULT NULL COMMENT '是否已存档，1未存，0已存',
  `is_deleted` tinyint(1) NULL DEFAULT 1 COMMENT '是否删除：1-未删除，0-已删除',
  `created_at` timestamp NULL DEFAULT CURRENT_TIMESTAMP COMMENT '创建时间',
  `updated_at` timestamp NULL DEFAULT CURRENT_TIMESTAMP ON UPDATE CURRENT_TIMESTAMP COMMENT '更新时间',
  PRIMARY KEY (`id`) USING BTREE
) ENGINE = InnoDB AUTO_INCREMENT = 9 CHARACTER SET = utf8 COLLATE = utf8_general_ci COMMENT = '材料BOM表' ROW_FORMAT = DYNAMIC;

-- ----------------------------
-- Records of sub_material_bom
-- ----------------------------
INSERT INTO `sub_material_bom` VALUES (5, 1, 1, 11, 6, '[{\"id\":\"GjUcDi7I5XFIYlp5\",\"material_id\":2,\"material_code\":\"123\",\"material_name\":\"121\",\"specification\":\"21\",\"number\":\"122\"}]', 0, 1, '2025-07-27 11:10:29', '2025-08-03 11:04:19');
INSERT INTO `sub_material_bom` VALUES (6, 1, 1, 10, 5, '[{\"id\":\"GjUcDi7I5XFIYlp5\",\"material_id\":2,\"material_code\":\"123\",\"material_name\":\"121\",\"specification\":\"21\",\"number\":\"122\"},{\"material_code\":\"123\",\"material_name\":\"121\",\"specification\":\"21\",\"number\":\"444\",\"material_id\":2},{\"id\":\"6lzVkl80q6ffe9hf\",\"material_id\":2,\"material_code\":\"123\",\"material_name\":\"121\",\"specification\":\"21\",\"number\":\"4444\"}]', 0, 1, '2025-07-27 11:22:56', '2025-08-03 11:04:19');
INSERT INTO `sub_material_bom` VALUES (7, 1, 1, 9, 6, '[{\"id\":\"GjUcDi7I5XFIYlp5\",\"material_id\":2,\"material_code\":\"123\",\"material_name\":\"121\",\"specification\":\"21\",\"number\":\"122\"}]', 0, 1, '2025-07-27 11:50:06', '2025-08-03 11:04:19');
INSERT INTO `sub_material_bom` VALUES (8, 1, 1, 10, 6, '[{\"id\":\"GjUcDi7I5XFIYlp5\",\"material_id\":2,\"material_code\":\"123\",\"material_name\":\"121\",\"specification\":\"21\",\"number\":\"122\"},{\"id\":\"QASStVzNPAySJaR1\",\"material_id\":2,\"material_code\":\"123\",\"material_name\":\"121\",\"specification\":\"21\",\"number\":\"333\"}]', 0, 1, '2025-08-02 11:04:51', '2025-08-03 11:04:19');

-- ----------------------------
-- Table structure for sub_material_code
-- ----------------------------
DROP TABLE IF EXISTS `sub_material_code`;
CREATE TABLE `sub_material_code`  (
  `id` int(11) NOT NULL AUTO_INCREMENT COMMENT '自增主键ID',
  `user_id` int(5) NULL DEFAULT NULL COMMENT '发布用户id',
  `company_id` int(5) NULL DEFAULT NULL COMMENT '企业id',
  `material_code` varchar(50) CHARACTER SET utf8 COLLATE utf8_general_ci NOT NULL COMMENT '材料编码',
  `material_name` varchar(100) CHARACTER SET utf8 COLLATE utf8_general_ci NOT NULL COMMENT '材料名称',
  `model` varchar(50) CHARACTER SET utf8 COLLATE utf8_general_ci NULL DEFAULT NULL COMMENT '型号',
  `specification` varchar(100) CHARACTER SET utf8 COLLATE utf8_general_ci NULL DEFAULT NULL COMMENT '规格',
  `other_features` text CHARACTER SET utf8 COLLATE utf8_general_ci NULL COMMENT '其它特性',
  `usage_unit` varchar(20) CHARACTER SET utf8 COLLATE utf8_general_ci NULL DEFAULT NULL COMMENT '使用单位',
  `purchase_unit` varchar(20) CHARACTER SET utf8 COLLATE utf8_general_ci NULL DEFAULT NULL COMMENT '采购单位',
  `unit_price` int(10) NULL DEFAULT NULL COMMENT '单价',
  `currency` varchar(10) CHARACTER SET utf8 COLLATE utf8_general_ci NULL DEFAULT NULL COMMENT '币别',
  `remarks` text CHARACTER SET utf8 COLLATE utf8_general_ci NULL COMMENT '备注',
  `is_deleted` int(1) UNSIGNED ZEROFILL NULL DEFAULT 1 COMMENT '1：未删除；0：已删除',
  `created_at` timestamp NULL DEFAULT CURRENT_TIMESTAMP COMMENT '记录创建时间',
  `updated_at` timestamp NULL DEFAULT CURRENT_TIMESTAMP ON UPDATE CURRENT_TIMESTAMP COMMENT '记录最后更新时间',
  PRIMARY KEY (`id`) USING BTREE
) ENGINE = InnoDB AUTO_INCREMENT = 3 CHARACTER SET = utf8 COLLATE = utf8_general_ci COMMENT = '材料编码基础信息表' ROW_FORMAT = DYNAMIC;

-- ----------------------------
-- Records of sub_material_code
-- ----------------------------
INSERT INTO `sub_material_code` VALUES (2, 1, 1, '123', '121', '2121', '21', '2121', '21', '21', 122, '12', '21', 1, '2025-07-08 15:36:33', '2025-07-08 15:37:12');

-- ----------------------------
-- Table structure for sub_material_quote
-- ----------------------------
DROP TABLE IF EXISTS `sub_material_quote`;
CREATE TABLE `sub_material_quote`  (
  `id` int(11) NOT NULL AUTO_INCREMENT COMMENT '自增主键ID',
  `company_id` int(11) NOT NULL COMMENT '企业id',
  `user_id` int(11) NOT NULL COMMENT '发布的用户id',
  `supplier_id` int(11) NULL DEFAULT NULL COMMENT '供应商id',
  `notice_id` int(11) NULL DEFAULT NULL COMMENT '生产通知单id',
  `product_id` int(11) NULL DEFAULT NULL COMMENT '产品编码id',
  `material_id` int(11) NOT NULL COMMENT '材料编码ID',
  `delivery` varchar(100) CHARACTER SET utf8 COLLATE utf8_general_ci NULL DEFAULT NULL COMMENT '送货方式',
  `number` int(11) NULL DEFAULT NULL COMMENT '交易数量',
  `packaging` varchar(100) CHARACTER SET utf8 COLLATE utf8_general_ci NULL DEFAULT NULL COMMENT '包装要求',
  `transaction_currency` varchar(10) CHARACTER SET utf8 COLLATE utf8_general_ci NULL DEFAULT NULL COMMENT '交易币别',
  `other_transaction_terms` text CHARACTER SET utf8 COLLATE utf8_general_ci NULL COMMENT '交易条件',
  `remarks` text CHARACTER SET utf8 COLLATE utf8_general_ci NULL COMMENT '备注',
  `is_deleted` tinyint(1) NULL DEFAULT 1 COMMENT '是否删除：1-未删除，0-已删除',
  `created_at` timestamp NULL DEFAULT CURRENT_TIMESTAMP COMMENT '创建时间',
  `updated_at` timestamp NULL DEFAULT CURRENT_TIMESTAMP ON UPDATE CURRENT_TIMESTAMP COMMENT '更新时间',
  PRIMARY KEY (`id`) USING BTREE
) ENGINE = InnoDB AUTO_INCREMENT = 3 CHARACTER SET = utf8 COLLATE = utf8_general_ci COMMENT = '材料报价信息表' ROW_FORMAT = DYNAMIC;

-- ----------------------------
-- Records of sub_material_quote
-- ----------------------------
INSERT INTO `sub_material_quote` VALUES (1, 1, 1, 2, 6, 10, 2, '1111', 1111, '1111', '1111', '1111', '1111', 1, '2025-07-27 21:43:20', '2025-07-27 22:39:03');
INSERT INTO `sub_material_quote` VALUES (2, 1, 1, 1, 5, 9, 2, '2222', 222, '222', '22', '222', '22', 1, '2025-07-27 22:40:03', '2025-07-27 22:40:03');

-- ----------------------------
-- Table structure for sub_outsourcing_quote
-- ----------------------------
DROP TABLE IF EXISTS `sub_outsourcing_quote`;
CREATE TABLE `sub_outsourcing_quote`  (
  `id` int(11) NOT NULL AUTO_INCREMENT COMMENT '自增主键ID',
  `company_id` int(11) NOT NULL COMMENT '企业id',
  `user_id` int(11) NOT NULL COMMENT '发布的用户id',
  `supplier_id` int(11) NOT NULL COMMENT '供应商ID',
  `product_id` int(11) NOT NULL COMMENT '产品编码ID',
  `part_id` int(11) NOT NULL COMMENT '部件编码ID',
  `process_id` int(11) NOT NULL COMMENT '工艺编码ID',
  `processing_unit_price` int(11) NULL DEFAULT NULL COMMENT '加工单价',
  `transaction_currency` varchar(10) CHARACTER SET utf8 COLLATE utf8_general_ci NULL DEFAULT NULL COMMENT '交易币别',
  `other_transaction_terms` text CHARACTER SET utf8 COLLATE utf8_general_ci NULL COMMENT '交易条件',
  `remarks` text CHARACTER SET utf8 COLLATE utf8_general_ci NULL COMMENT '备注',
  `is_deleted` tinyint(1) NULL DEFAULT 1 COMMENT '是否删除：1-未删除，0-已删除',
  `created_at` timestamp NULL DEFAULT CURRENT_TIMESTAMP COMMENT '创建时间',
  `updated_at` timestamp NULL DEFAULT CURRENT_TIMESTAMP ON UPDATE CURRENT_TIMESTAMP COMMENT '更新时间',
  PRIMARY KEY (`id`) USING BTREE
) ENGINE = InnoDB AUTO_INCREMENT = 2 CHARACTER SET = utf8 COLLATE = utf8_general_ci COMMENT = '委外报价信息表' ROW_FORMAT = DYNAMIC;

-- ----------------------------
-- Records of sub_outsourcing_quote
-- ----------------------------
INSERT INTO `sub_outsourcing_quote` VALUES (1, 1, 1, 2, 11, 6, 3, 111, '111', '111', '111', 1, '2025-07-28 14:45:21', '2025-07-28 14:49:39');

-- ----------------------------
-- Table structure for sub_part_code
-- ----------------------------
DROP TABLE IF EXISTS `sub_part_code`;
CREATE TABLE `sub_part_code`  (
  `id` int(11) NOT NULL AUTO_INCREMENT COMMENT '自增主键ID',
  `user_id` int(5) NULL DEFAULT NULL COMMENT '发布的用户id',
  `company_id` int(5) NULL DEFAULT NULL COMMENT '企业id',
  `part_code` varchar(50) CHARACTER SET utf8 COLLATE utf8_general_ci NOT NULL COMMENT '部件编码',
  `part_name` varchar(100) CHARACTER SET utf8 COLLATE utf8_general_ci NOT NULL COMMENT '部件名称',
  `model` varchar(50) CHARACTER SET utf8 COLLATE utf8_general_ci NULL DEFAULT NULL COMMENT '型号',
  `specification` varchar(100) CHARACTER SET utf8 COLLATE utf8_general_ci NULL DEFAULT NULL COMMENT '规格',
  `other_features` text CHARACTER SET utf8 COLLATE utf8_general_ci NULL COMMENT '其它特性',
  `unit` varchar(20) CHARACTER SET utf8 COLLATE utf8_general_ci NULL DEFAULT NULL COMMENT '单位',
  `unit_price` decimal(10, 2) NULL DEFAULT NULL COMMENT '单价',
  `currency` varchar(10) CHARACTER SET utf8 COLLATE utf8_general_ci NULL DEFAULT NULL COMMENT '币别',
  `production_requirements` text CHARACTER SET utf8 COLLATE utf8_general_ci NULL COMMENT '生产要求',
  `remarks` text CHARACTER SET utf8 COLLATE utf8_general_ci NULL COMMENT '备注',
  `is_deleted` int(1) UNSIGNED ZEROFILL NULL DEFAULT 1 COMMENT '1：未删除；0：已删除',
  `created_at` timestamp NULL DEFAULT CURRENT_TIMESTAMP COMMENT '记录创建时间',
  `updated_at` timestamp NULL DEFAULT CURRENT_TIMESTAMP ON UPDATE CURRENT_TIMESTAMP COMMENT '记录最后更新时间',
  PRIMARY KEY (`id`) USING BTREE
) ENGINE = InnoDB AUTO_INCREMENT = 7 CHARACTER SET = utf8 COLLATE = utf8_general_ci COMMENT = '部件编码基础信息表' ROW_FORMAT = DYNAMIC;

-- ----------------------------
-- Records of sub_part_code
-- ----------------------------
INSERT INTO `sub_part_code` VALUES (5, 1, 1, '123', '2121', '212', '1212', '121', '3131', 31.00, '311', '3131', '3131', 1, '2025-07-08 15:35:24', '2025-07-08 15:35:24');
INSERT INTO `sub_part_code` VALUES (6, 1, 1, '21', '31', '12', '1212', '1', '3131', 12.00, '21', '2121', '2121', 1, '2025-07-08 15:36:15', '2025-07-08 15:36:15');

-- ----------------------------
-- Table structure for sub_process_bom
-- ----------------------------
DROP TABLE IF EXISTS `sub_process_bom`;
CREATE TABLE `sub_process_bom`  (
  `id` int(11) NOT NULL AUTO_INCREMENT COMMENT '自增主键ID',
  `company_id` int(11) NOT NULL COMMENT '企业id',
  `user_id` int(11) NOT NULL COMMENT '发布的用户id',
  `product_id` int(11) NOT NULL COMMENT '产品编码id',
  `part_id` int(11) NOT NULL COMMENT '部件编码id',
  `make_time` int(11) NULL DEFAULT NULL COMMENT '制程总工时',
  `textJson` text CHARACTER SET utf8 COLLATE utf8_general_ci NULL COMMENT 'BOM表的json字符串',
  `archive` int(11) NULL DEFAULT NULL COMMENT '是否已存档，1未存，0已存',
  `is_deleted` tinyint(1) NULL DEFAULT 1 COMMENT '是否删除：1-未删除，0-已删除',
  `created_at` timestamp NULL DEFAULT CURRENT_TIMESTAMP COMMENT '创建时间',
  `updated_at` timestamp NULL DEFAULT CURRENT_TIMESTAMP ON UPDATE CURRENT_TIMESTAMP COMMENT '更新时间',
  PRIMARY KEY (`id`) USING BTREE
) ENGINE = InnoDB AUTO_INCREMENT = 12 CHARACTER SET = utf8 COLLATE = utf8_general_ci COMMENT = '材料BOM表' ROW_FORMAT = DYNAMIC;

-- ----------------------------
-- Records of sub_process_bom
-- ----------------------------
INSERT INTO `sub_process_bom` VALUES (11, 1, 1, 11, 6, 111, '[{\"id\":\"S0DUSftqku50QEoZ\",\"process_id\":3,\"process_code\":\"123\",\"process_name\":\"212\",\"section_points\":21,\"equipment_id\":3,\"equipment_code\":\"123\",\"equipment_name\":\"2121\",\"time\":\"111\",\"price\":\"111\",\"long\":\"111\"}]', 0, 1, '2025-07-28 09:55:50', '2025-08-03 11:04:13');

-- ----------------------------
-- Table structure for sub_process_code
-- ----------------------------
DROP TABLE IF EXISTS `sub_process_code`;
CREATE TABLE `sub_process_code`  (
  `id` int(11) NOT NULL AUTO_INCREMENT COMMENT '自增主键ID',
  `user_id` int(5) NULL DEFAULT NULL COMMENT '用户id',
  `company_id` int(5) NULL DEFAULT NULL COMMENT '企业id',
  `process_code` varchar(50) CHARACTER SET utf8 COLLATE utf8_general_ci NOT NULL COMMENT '工艺编码',
  `process_name` varchar(100) CHARACTER SET utf8 COLLATE utf8_general_ci NOT NULL COMMENT '工艺名称',
  `equipment_used` varchar(100) CHARACTER SET utf8 COLLATE utf8_general_ci NULL DEFAULT NULL COMMENT '使用设备',
  `piece_working_hours` varchar(5) CHARACTER SET utf8 COLLATE utf8_general_ci NULL DEFAULT NULL COMMENT '单件工时(小时)',
  `processing_unit_price` int(10) NULL DEFAULT NULL COMMENT '加工单价',
  `section_points` int(11) NULL DEFAULT NULL COMMENT '段数点数',
  `total_processing_price` int(10) NULL DEFAULT NULL COMMENT '加工总价',
  `remarks` text CHARACTER SET utf8 COLLATE utf8_general_ci NULL COMMENT '备注',
  `is_deleted` int(1) UNSIGNED ZEROFILL NULL DEFAULT 1 COMMENT '1：未删除；0：已删除',
  `created_at` timestamp NULL DEFAULT CURRENT_TIMESTAMP COMMENT '记录创建时间',
  `updated_at` timestamp NULL DEFAULT CURRENT_TIMESTAMP ON UPDATE CURRENT_TIMESTAMP COMMENT '记录最后更新时间',
  PRIMARY KEY (`id`) USING BTREE
) ENGINE = InnoDB AUTO_INCREMENT = 4 CHARACTER SET = utf8 COLLATE = utf8_general_ci COMMENT = '工艺编码基础信息表' ROW_FORMAT = DYNAMIC;

-- ----------------------------
-- Records of sub_process_code
-- ----------------------------
INSERT INTO `sub_process_code` VALUES (3, 1, 1, '123', '212', '121', '21', 2121, 21, 21, '212', 1, '2025-07-08 15:56:54', '2025-07-08 16:00:17');

-- ----------------------------
-- Table structure for sub_product_code
-- ----------------------------
DROP TABLE IF EXISTS `sub_product_code`;
CREATE TABLE `sub_product_code`  (
  `id` int(11) NOT NULL AUTO_INCREMENT COMMENT '自增主键ID',
  `company_id` int(11) NOT NULL COMMENT '企业id',
  `user_id` int(5) NULL DEFAULT NULL COMMENT '发布的用户id',
  `product_code` varchar(50) CHARACTER SET utf8mb4 COLLATE utf8mb4_general_ci NOT NULL COMMENT '产品的唯一标识编码',
  `product_name` varchar(100) CHARACTER SET utf8mb4 COLLATE utf8mb4_general_ci NOT NULL COMMENT '产品的名称',
  `drawing` varchar(255) CHARACTER SET utf8mb4 COLLATE utf8mb4_general_ci NULL DEFAULT NULL COMMENT '工程图号',
  `model` varchar(50) CHARACTER SET utf8mb4 COLLATE utf8mb4_general_ci NULL DEFAULT NULL COMMENT '产品的型号',
  `specification` varchar(100) CHARACTER SET utf8mb4 COLLATE utf8mb4_general_ci NULL DEFAULT NULL COMMENT '产品的规格参数',
  `other_features` text CHARACTER SET utf8mb4 COLLATE utf8mb4_general_ci NULL COMMENT '产品的其他特性描述',
  `component_structure` text CHARACTER SET utf8mb4 COLLATE utf8mb4_general_ci NULL COMMENT '产品的部件结构说明',
  `unit` varchar(20) CHARACTER SET utf8mb4 COLLATE utf8mb4_general_ci NULL DEFAULT NULL COMMENT '产品的计量单位',
  `unit_price` int(10) NULL DEFAULT NULL COMMENT '产品的单价',
  `currency` varchar(10) CHARACTER SET utf8mb4 COLLATE utf8mb4_general_ci NULL DEFAULT NULL COMMENT '产品价格的币别',
  `production_requirements` text CHARACTER SET utf8mb4 COLLATE utf8mb4_general_ci NULL COMMENT '产品的生产要求',
  `is_deleted` int(1) UNSIGNED ZEROFILL NULL DEFAULT 1 COMMENT '1：未删除；0：已删除',
  `created_at` timestamp NULL DEFAULT CURRENT_TIMESTAMP COMMENT '记录创建时间',
  `updated_at` timestamp NULL DEFAULT CURRENT_TIMESTAMP ON UPDATE CURRENT_TIMESTAMP COMMENT '记录最后更新时间',
  PRIMARY KEY (`id`) USING BTREE
) ENGINE = InnoDB AUTO_INCREMENT = 12 CHARACTER SET = utf8mb4 COLLATE = utf8mb4_general_ci COMMENT = '产品编码基础信息表' ROW_FORMAT = DYNAMIC;

-- ----------------------------
-- Records of sub_product_code
-- ----------------------------
INSERT INTO `sub_product_code` VALUES (9, 1, 1, '123', '113', '图只可以', '21', '2131', '3131', '1313', '212', 1212, '121', '21', 1, '2025-07-08 15:02:27', '2025-07-14 10:04:36');
INSERT INTO `sub_product_code` VALUES (10, 1, 1, '1233', '212', '月1', '121', '2121', '2121', '21', '212', 121, '21', '2121', 1, '2025-07-08 15:12:29', '2025-07-14 10:04:29');
INSERT INTO `sub_product_code` VALUES (11, 1, 1, '1234', '12', '121', '212', '21', '212', '211', '1212', 2212, '1212', '121', 1, '2025-07-15 11:04:40', '2025-07-15 11:12:37');

-- ----------------------------
-- Table structure for sub_product_notice
-- ----------------------------
DROP TABLE IF EXISTS `sub_product_notice`;
CREATE TABLE `sub_product_notice`  (
  `id` int(11) NOT NULL AUTO_INCREMENT COMMENT '自增主键ID',
  `company_id` int(11) NOT NULL COMMENT '企业id',
  `user_id` int(11) NOT NULL COMMENT '发布的用户id',
  `notice` varchar(50) CHARACTER SET utf8 COLLATE utf8_general_ci NOT NULL COMMENT '生产订单号',
  `customer_id` int(11) NULL DEFAULT NULL COMMENT '客户id',
  `product_id` int(11) NULL DEFAULT NULL COMMENT '产品id',
  `sale_id` int(11) NULL DEFAULT NULL COMMENT '销售id',
  `delivery_time` varchar(50) CHARACTER SET utf8 COLLATE utf8_general_ci NOT NULL COMMENT '交货日期',
  `is_deleted` tinyint(1) NULL DEFAULT 1 COMMENT '是否删除：1-未删除，0-已删除',
  `created_at` timestamp NULL DEFAULT CURRENT_TIMESTAMP COMMENT '创建时间',
  `updated_at` timestamp NULL DEFAULT CURRENT_TIMESTAMP ON UPDATE CURRENT_TIMESTAMP COMMENT '更新时间',
  PRIMARY KEY (`id`) USING BTREE
) ENGINE = InnoDB AUTO_INCREMENT = 8 CHARACTER SET = utf8 COLLATE = utf8_general_ci COMMENT = '生产通知单信息表' ROW_FORMAT = DYNAMIC;

-- ----------------------------
-- Records of sub_product_notice
-- ----------------------------
INSERT INTO `sub_product_notice` VALUES (5, 1, 1, '1111', 2, 9, 2, '2025-07-30T16:00:00.000Z', 1, '2025-07-25 22:56:01', '2025-07-25 22:56:01');
INSERT INTO `sub_product_notice` VALUES (6, 1, 1, '2222', 3, 10, 1, '2025-07-28 00:00:00', 1, '2025-07-25 22:56:09', '2025-08-03 19:54:05');
INSERT INTO `sub_product_notice` VALUES (7, 1, 1, '11111', 2, 9, 2, '2025-08-10T16:00:00.000Z', 1, '2025-08-03 19:54:20', '2025-08-03 19:54:20');

-- ----------------------------
-- Table structure for sub_product_quotation
-- ----------------------------
DROP TABLE IF EXISTS `sub_product_quotation`;
CREATE TABLE `sub_product_quotation`  (
  `id` int(11) NOT NULL AUTO_INCREMENT COMMENT '自增主键ID',
  `company_id` int(11) NOT NULL COMMENT '企业id',
  `user_id` int(11) NOT NULL COMMENT '发布的用户id',
  `sale_id` int(11) NOT NULL COMMENT '销售订单id',
  `customer_id` int(11) NULL DEFAULT NULL COMMENT '客户id',
  `product_id` int(11) NULL DEFAULT NULL COMMENT '产品id',
  `notice` varchar(50) CHARACTER SET utf8 COLLATE utf8_general_ci NULL DEFAULT NULL COMMENT '报价单号',
  `product_price` varchar(50) CHARACTER SET utf8 COLLATE utf8_general_ci NULL DEFAULT NULL COMMENT '产品单价',
  `transaction_currency` varchar(10) CHARACTER SET utf8 COLLATE utf8_general_ci NULL DEFAULT NULL COMMENT '交易币别',
  `other_transaction_terms` text CHARACTER SET utf8 COLLATE utf8_general_ci NULL COMMENT '交易条件',
  `is_deleted` tinyint(3) NULL DEFAULT 1 COMMENT '是否删除：1-未删除，0-已删除',
  `created_at` timestamp NULL DEFAULT CURRENT_TIMESTAMP COMMENT '创建时间',
  `updated_at` timestamp NULL DEFAULT CURRENT_TIMESTAMP ON UPDATE CURRENT_TIMESTAMP COMMENT '更新时间',
  PRIMARY KEY (`id`) USING BTREE
) ENGINE = InnoDB AUTO_INCREMENT = 13 CHARACTER SET = utf8 COLLATE = utf8_general_ci COMMENT = '产品报价表' ROW_FORMAT = DYNAMIC;

-- ----------------------------
-- Records of sub_product_quotation
-- ----------------------------
INSERT INTO `sub_product_quotation` VALUES (11, 1, 1, 2, 2, 9, '111', '111', '111', '111', 1, '2025-07-25 22:44:22', '2025-07-25 22:44:22');
INSERT INTO `sub_product_quotation` VALUES (12, 1, 1, 1, 3, 10, '222', '222', '222', '222', 1, '2025-07-25 22:44:29', '2025-07-25 22:44:29');

-- ----------------------------
-- Table structure for sub_production_progress
-- ----------------------------
DROP TABLE IF EXISTS `sub_production_progress`;
CREATE TABLE `sub_production_progress`  (
  `id` int(11) NOT NULL AUTO_INCREMENT COMMENT '自增主键ID',
  `company_id` int(11) NOT NULL COMMENT '企业id',
  `user_id` int(11) NOT NULL COMMENT '发布的用户id',
  `notice_id` int(11) NOT NULL COMMENT '生产通知单id',
  `product_id` int(11) NOT NULL COMMENT '产品id',
  `customer_id` int(11) NOT NULL COMMENT '客户id',
  `sale_id` int(11) NOT NULL COMMENT '销售id',
  `part_id` int(11) NULL DEFAULT NULL COMMENT '部件编码id',
  `remarks` text CHARACTER SET utf8 COLLATE utf8_general_ci NULL COMMENT '生产特别要求',
  `is_deleted` tinyint(1) NULL DEFAULT 1 COMMENT '是否删除：1-未删除，0-已删除',
  `created_at` timestamp NULL DEFAULT CURRENT_TIMESTAMP COMMENT '创建时间',
  `updated_at` timestamp NULL DEFAULT CURRENT_TIMESTAMP ON UPDATE CURRENT_TIMESTAMP COMMENT '更新时间',
  PRIMARY KEY (`id`) USING BTREE
) ENGINE = InnoDB AUTO_INCREMENT = 8 CHARACTER SET = utf8 COLLATE = utf8_general_ci COMMENT = '生产进度表' ROW_FORMAT = DYNAMIC;

-- ----------------------------
-- Records of sub_production_progress
-- ----------------------------
INSERT INTO `sub_production_progress` VALUES (7, 1, 1, 6, 10, 3, 1, NULL, NULL, 1, '2025-08-06 14:43:43', '2025-08-06 14:43:43');

-- ----------------------------
-- Table structure for sub_sales_order
-- ----------------------------
DROP TABLE IF EXISTS `sub_sales_order`;
CREATE TABLE `sub_sales_order`  (
  `id` int(11) NOT NULL AUTO_INCREMENT COMMENT '自增主键ID',
  `company_id` int(11) NOT NULL COMMENT '企业id',
  `user_id` int(11) NOT NULL COMMENT '发布的用户id',
  `rece_time` varchar(50) CHARACTER SET utf8 COLLATE utf8_general_ci NULL DEFAULT NULL COMMENT '接单日期',
  `customer_id` int(11) NOT NULL COMMENT '客户id',
  `customer_order` varchar(50) CHARACTER SET utf8 COLLATE utf8_general_ci NULL DEFAULT NULL COMMENT '客户订单号',
  `product_id` int(11) NOT NULL COMMENT '产品编码id',
  `product_req` text CHARACTER SET utf8 COLLATE utf8_general_ci NULL COMMENT '产品要求',
  `order_number` varchar(50) CHARACTER SET utf8 COLLATE utf8_general_ci NULL DEFAULT NULL COMMENT '订单数量',
  `unit` varchar(20) CHARACTER SET utf8 COLLATE utf8_general_ci NULL DEFAULT NULL COMMENT '单位',
  `delivery_time` varchar(50) CHARACTER SET utf8 COLLATE utf8_general_ci NULL DEFAULT NULL COMMENT '交货日期',
  `goods_time` varchar(50) CHARACTER SET utf8 COLLATE utf8_general_ci NULL DEFAULT NULL COMMENT '送货日期',
  `goods_address` varchar(255) CHARACTER SET utf8 COLLATE utf8_general_ci NULL DEFAULT NULL COMMENT '送货地点',
  `is_deleted` tinyint(1) NULL DEFAULT 1 COMMENT '是否删除：1-未删除，0-已删除',
  `created_at` timestamp NULL DEFAULT CURRENT_TIMESTAMP COMMENT '创建时间',
  `updated_at` timestamp NULL DEFAULT CURRENT_TIMESTAMP ON UPDATE CURRENT_TIMESTAMP COMMENT '更新时间',
  PRIMARY KEY (`id`) USING BTREE
) ENGINE = InnoDB AUTO_INCREMENT = 3 CHARACTER SET = utf8 COLLATE = utf8_general_ci COMMENT = '销售订单表' ROW_FORMAT = DYNAMIC;

-- ----------------------------
-- Records of sub_sales_order
-- ----------------------------
INSERT INTO `sub_sales_order` VALUES (1, 1, 1, '2025-07-07 00:00:00', 3, '31232131', 10, '我的要求', '311', '车1', '2025-07-07 00:00:00', '2025-07-27 00:00:00', '2123121', 1, '2025-07-14 13:55:51', '2025-07-25 19:51:48');
INSERT INTO `sub_sales_order` VALUES (2, 1, 1, '2025-07-10 00:00:00', 2, '31232131', 9, '21', '2121', '2121', '2025-07-14 00:00:00', '2025-07-14T10:47:29.000Z', '3131', 1, '2025-07-14 18:47:31', '2025-08-03 19:37:53');

-- ----------------------------
-- Table structure for sub_supplier_info
-- ----------------------------
DROP TABLE IF EXISTS `sub_supplier_info`;
CREATE TABLE `sub_supplier_info`  (
  `id` int(11) NOT NULL AUTO_INCREMENT COMMENT '自增主键ID',
  `user_id` int(11) NOT NULL COMMENT '发布的用户id',
  `company_id` int(11) NOT NULL COMMENT '所属企业id',
  `supplier_code` varchar(50) CHARACTER SET utf8 COLLATE utf8_general_ci NOT NULL COMMENT '供应商编码',
  `supplier_abbreviation` varchar(50) CHARACTER SET utf8 COLLATE utf8_general_ci NOT NULL COMMENT '供应商简称',
  `contact_person` varchar(50) CHARACTER SET utf8 COLLATE utf8_general_ci NULL DEFAULT NULL COMMENT '联系人',
  `contact_information` varchar(50) CHARACTER SET utf8 COLLATE utf8_general_ci NULL DEFAULT NULL COMMENT '联系方式',
  `supplier_full_name` varchar(100) CHARACTER SET utf8 COLLATE utf8_general_ci NULL DEFAULT NULL COMMENT '供应商全名',
  `supplier_address` varchar(200) CHARACTER SET utf8 COLLATE utf8_general_ci NULL DEFAULT NULL COMMENT '供应商地址',
  `supplier_category` varchar(50) CHARACTER SET utf8 COLLATE utf8_general_ci NULL DEFAULT NULL COMMENT '供应商类别',
  `supply_method` varchar(50) CHARACTER SET utf8 COLLATE utf8_general_ci NULL DEFAULT NULL COMMENT '供货方式',
  `transaction_method` varchar(50) CHARACTER SET utf8 COLLATE utf8_general_ci NULL DEFAULT NULL COMMENT '交易方式',
  `transaction_currency` varchar(10) CHARACTER SET utf8 COLLATE utf8_general_ci NULL DEFAULT NULL COMMENT '交易币别',
  `other_transaction_terms` text CHARACTER SET utf8 COLLATE utf8_general_ci NULL COMMENT '其它交易条件',
  `is_deleted` tinyint(3) NULL DEFAULT 1 COMMENT '是否删除：1-未删除，0-已删除',
  `created_at` timestamp NULL DEFAULT CURRENT_TIMESTAMP COMMENT '创建时间',
  `updated_at` timestamp NULL DEFAULT CURRENT_TIMESTAMP ON UPDATE CURRENT_TIMESTAMP COMMENT '更新时间',
  PRIMARY KEY (`id`) USING BTREE
) ENGINE = InnoDB AUTO_INCREMENT = 3 CHARACTER SET = utf8 COLLATE = utf8_general_ci COMMENT = '供应商信息信息表' ROW_FORMAT = DYNAMIC;

-- ----------------------------
-- Records of sub_supplier_info
-- ----------------------------
INSERT INTO `sub_supplier_info` VALUES (1, 1, 1, '123', '2121', '13', '15', '1515', '212', '5151', '15', '15151', '1515', '15', 1, '2025-07-10 00:03:15', '2025-07-10 00:03:15');
INSERT INTO `sub_supplier_info` VALUES (2, 1, 1, '1234', '151', '153333333', '1', '515', '155', '511', '515', '15', '1', '515', 1, '2025-07-10 00:03:27', '2025-07-10 00:03:37');

SET FOREIGN_KEY_CHECKS = 1;
